ID,Description,setSize,enrichmentScore,NES,pvalue,p.adjust,qvalues,rank,leading_edge,core_enrichment,gs_description,results_path
chr6p21,chr6p21,49,-0.676749662952164,-2.02755603244658,1.25170951232225e-05,0.000851162468379129,0.000803729265806918,68,tags=27%, list=3%, signal=26%,CNPY3/HLA-DMB/HLA-DMA/CLIC1/HLA-DQB1/HLA-DQA1/LST1/AIF1/HLA-DRB5/HLA-DPB1/HLA-DPA1/HLA-DRB1/HLA-DRA,Ensembl 103 genes in cytogenetic band chr6p21,C1/
chr1q21,chr1q21,35,-0.695563061893052,-1.95617016061622,8.19069493291007e-05,0.00278483627718942,0.00262964416267113,123,tags=26%, list=5%, signal=25%,PLEKHO1/S100A10/S100A11/S100A12/S100A4/S100A6/CTSS/S100A9/S100A8,Ensembl 103 genes in cytogenetic band chr1q21,C1/
chr11q23,chr11q23,10,0.748458379638738,1.88357904122253,0.00191714318331419,0.043455245488455,0.0410335909411108,28,tags=40%, list=1%, signal=40%,CD3E/CD3D/CD3G/RPS25,Ensembl 103 genes in cytogenetic band chr11q23,C1/
